firstName,lastName
Jill,Doe
Joe,Doe
Justin,Doe
Jane,Doe
John,Doe
Emily,Doe
Michael,Doe
Sarah,Doe
David,Doe
Laura,Doe
Kevin,Doe
Anna,Doe
Chris,Doe
Megan,Doe
Brian,Doe
Olivia,Doe
Daniel,Doe
Sophia,Doe
Mark,Doe
Rachel,Doe
Jill,Stone
Joe,Stone
Justin,Stone
Jane,Stone
John,Stone
Emily,Stone
Michael,Stone
Sarah,Stone
David,Stone
Laura,Stone
Kevin,Stone
Anna,Stone
Chris,Stone
Megan,Stone
Brian,Stone
Olivia,Stone
Daniel,Stone
Sophia,Stone
Mark,Stone
Rachel,Stone
Jill,Jordan
Joe,Jordan
Justin,Jordan
Jane,Jordan
John,Jordan
Emily,Jordan
Michael,Jordan
Sarah,Jordan
David,Jordan
Laura,Jordan
Kevin,Jordan
Anna,Jordan
Chris,Jordan
Megan,Jordan
Brian,Jordan
Olivia,Jordan
Daniel,Jordan
Sophia,Jordan
Mark,Jordan
Rachel,Jordan
Jill,Smith
Joe,Smith
Justin,Smith
Jane,Smith
John,Smith
Emily,Smith
Michael,Smith
Sarah,Smith
David,Smith
Laura,Smith
Kevin,Smith
Anna,Smith
Chris,Smith
Megan,Smith
Brian,Smith
Olivia,Smith
Daniel,Smith
Sophia,Smith
Mark,Smith
Rachel,Smith
Jill,Brown
Joe,Brown
Justin,Brown
Jane,Brown
John,Brown
Emily,Brown
Michael,Brown
Sarah,Brown
David,Brown
Laura,Brown
Kevin,Brown
Anna,Brown
Chris,Brown
Megan,Brown
Brian,Brown
Olivia,Brown
Daniel,Brown
Sophia,Brown
Mark,Brown
Rachel,Brown
this,line,has,too,many,fields
Jill,Taylor
Joe,Taylor
Justin,Taylor
Jane,Taylor
John,Taylor
Emily,Taylor
Michael,Taylor
Sarah,Taylor
David,Taylor
Laura,Taylor
Kevin,Taylor
Anna,Taylor
Chris,Taylor
Megan,Taylor
Brian,Taylor
Olivia,Taylor
Daniel,Taylor
Sophia,Taylor
Mark,Taylor
Rachel,Taylor
Jill,Clark
Joe,Clark
Justin,Clark
Jane,Clark
John,Clark
Emily,Clark
Michael,Clark
Sarah,Clark
David,Clark
Laura,Clark
Kevin,Clark
Anna,Clark
Chris,Clark
Megan,Clark
Brian,Clark
Olivia,Clark
Daniel,Clark
Sophia,Clark
Mark,Clark
Rachel,Clark
Jill,Walker
Joe,Walker
Justin,Walker
Jane,Walker
John,Walker
Emily,Walker
Michael,Walker
Sarah,Walker
David,Walker
Laura,Walker
Kevin,Walker
Anna,Walker
Chris,Walker
Megan,Walker
Brian,Walker
Olivia,Walker
Daniel,Walker
Sophia,Walker
Mark,Walker
Rachel,Walker
Jill,Young
Joe,Young
Justin,Young
Jane,Young
John,Young
Emily,Young
Michael,Young
Sarah,Young
David,Young
Laura,Young
Kevin,Young
Anna,Young
Chris,Young
Megan,Young
Brian,Young
Olivia,Young
Daniel,Young
Sophia,Young
Mark,Young
Rachel,Young
Jill,Allen
Joe,Allen
Justin,Allen
Jane,Allen
John,Allen
Emily,Allen
Michael,Allen
Sarah,Allen
David,Allen
Laura,Allen
Kevin,Allen
Anna,Allen
Chris,Allen
Megan,Allen
Brian,Allen
Olivia,Allen
Daniel,Allen
Sophia,Allen
Mark,Allen
Rachel,Allen
